{"position":{"x":-0.8247931003570557,"y":-1.6724927425384522,"z":0.0}}