{"position":{"x":-0.8744385838508606,"y":-1.672492504119873,"z":0.0}}