{"position":{"x":2.910310983657837,"y":7.255415439605713,"z":0.0}}