{"position":{"x":2.9193496704101564,"y":7.255415439605713,"z":0.0}}